{
"meta":{"test_sets":[],"test_metrics":[],"learn_metrics":[{"best_value":"Min","name":"RMSE"}],"launch_mode":"Train","parameters":"","iteration_count":500,"learn_sets":["learn"],"name":"experiment"},
"iterations":[
{"learn":[1.081306495],"iteration":0,"passed_time":0.07788587309,"remaining_time":38.86505067},
{"learn":[0.9884375317],"iteration":1,"passed_time":0.1483431388,"remaining_time":36.93744156},
{"learn":[0.9043224007],"iteration":2,"passed_time":0.2196037184,"remaining_time":36.38101602},
{"learn":[0.8300395664],"iteration":3,"passed_time":0.2883433184,"remaining_time":35.75457148},
{"learn":[0.7636923453],"iteration":4,"passed_time":0.3607416781,"remaining_time":35.71342614},
{"learn":[0.7051402864],"iteration":5,"passed_time":0.4320491756,"remaining_time":35.57204879},
{"learn":[0.6517805178],"iteration":6,"passed_time":0.5038534731,"remaining_time":35.48568032},
{"learn":[0.6050281385],"iteration":7,"passed_time":0.5773130997,"remaining_time":35.50475563},
{"learn":[0.5644042501],"iteration":8,"passed_time":0.6509170364,"remaining_time":35.51114054},
{"learn":[0.5283603617],"iteration":9,"passed_time":0.7304508647,"remaining_time":35.79209237},
{"learn":[0.4958688126],"iteration":10,"passed_time":0.8010535426,"remaining_time":35.61047112},
{"learn":[0.4672893092],"iteration":11,"passed_time":0.8801525593,"remaining_time":35.79287074},
{"learn":[0.4421081714],"iteration":12,"passed_time":0.9606776309,"remaining_time":35.98846202},
{"learn":[0.4201382933],"iteration":13,"passed_time":1.046671463,"remaining_time":36.33445222},
{"learn":[0.4009932544],"iteration":14,"passed_time":1.129729549,"remaining_time":36.5279221},
{"learn":[0.3838701348],"iteration":15,"passed_time":1.209126742,"remaining_time":36.57608394},
{"learn":[0.3695334281],"iteration":16,"passed_time":1.284290796,"remaining_time":36.48896791},
{"learn":[0.357213839],"iteration":17,"passed_time":1.353668103,"remaining_time":36.24822365},
{"learn":[0.3462886954],"iteration":18,"passed_time":1.425478913,"remaining_time":36.08712406},
{"learn":[0.3365904468],"iteration":19,"passed_time":1.500129058,"remaining_time":36.0030974},
{"learn":[0.3279104134],"iteration":20,"passed_time":1.575208885,"remaining_time":35.92976456},
{"learn":[0.3205619665],"iteration":21,"passed_time":1.649722598,"remaining_time":35.84397281},
{"learn":[0.3137983684],"iteration":22,"passed_time":1.722277731,"remaining_time":35.71854251},
{"learn":[0.3083727858],"iteration":23,"passed_time":1.794434138,"remaining_time":35.5896104},
{"learn":[0.3037800706],"iteration":24,"passed_time":1.870582348,"remaining_time":35.54106461},
{"learn":[0.3000362177],"iteration":25,"passed_time":1.946346341,"remaining_time":35.48339098},
{"learn":[0.2964260558],"iteration":26,"passed_time":2.026719689,"remaining_time":35.5051264},
{"learn":[0.292955431],"iteration":27,"passed_time":2.110307096,"remaining_time":35.57374818},
{"learn":[0.2902646851],"iteration":28,"passed_time":2.18919227,"remaining_time":35.55550203},
{"learn":[0.287976657],"iteration":29,"passed_time":2.261266452,"remaining_time":35.42650775},
{"learn":[0.2857610967],"iteration":30,"passed_time":2.333558764,"remaining_time":35.30448581},
{"learn":[0.2837498892],"iteration":31,"passed_time":2.40793555,"remaining_time":35.21605741},
{"learn":[0.2819931205],"iteration":32,"passed_time":2.478986314,"remaining_time":35.08141238},
{"learn":[0.2802822575],"iteration":33,"passed_time":2.550952074,"remaining_time":34.96304901},
{"learn":[0.2789689031],"iteration":34,"passed_time":2.619799766,"remaining_time":34.80591118},
{"learn":[0.2775584195],"iteration":35,"passed_time":2.692192165,"remaining_time":34.69936568},
{"learn":[0.2761350722],"iteration":36,"passed_time":2.763594921,"remaining_time":34.58228238},
{"learn":[0.2752092814],"iteration":37,"passed_time":2.838922284,"remaining_time":34.51531829},
{"learn":[0.2740092513],"iteration":38,"passed_time":2.913050101,"remaining_time":34.43374607},
{"learn":[0.2726276626],"iteration":39,"passed_time":2.993030245,"remaining_time":34.41984782},
{"learn":[0.2715498698],"iteration":40,"passed_time":3.076300058,"remaining_time":34.4395543},
{"learn":[0.2707361551],"iteration":41,"passed_time":3.157637613,"remaining_time":34.43328635},
{"learn":[0.2697318975],"iteration":42,"passed_time":3.231955787,"remaining_time":34.34892545},
{"learn":[0.2689359175],"iteration":43,"passed_time":3.303808294,"remaining_time":34.23946778},
{"learn":[0.2681855716],"iteration":44,"passed_time":3.374932589,"remaining_time":34.1243184},
{"learn":[0.2672324048],"iteration":45,"passed_time":3.447079638,"remaining_time":34.0211773},
{"learn":[0.2662122448],"iteration":46,"passed_time":3.517920412,"remaining_time":33.90676482},
{"learn":[0.2653792636],"iteration":47,"passed_time":3.599811857,"remaining_time":33.89822832},
{"learn":[0.2644349475],"iteration":48,"passed_time":3.670429239,"remaining_time":33.78293035},
{"learn":[0.2638178734],"iteration":49,"passed_time":3.742826152,"remaining_time":33.68543536},
{"learn":[0.2630898365],"iteration":50,"passed_time":3.815295431,"remaining_time":33.58956174},
{"learn":[0.2624802804],"iteration":51,"passed_time":3.892270162,"remaining_time":33.53340447},
{"learn":[0.2619571924],"iteration":52,"passed_time":3.973821207,"remaining_time":33.5150581},
{"learn":[0.2614010804],"iteration":53,"passed_time":4.061028871,"remaining_time":33.54109031},
{"learn":[0.2608917477],"iteration":54,"passed_time":4.144380166,"remaining_time":33.53180317},
{"learn":[0.2602782546],"iteration":55,"passed_time":4.217637434,"remaining_time":33.43983966},
{"learn":[0.2597471731],"iteration":56,"passed_time":4.289550596,"remaining_time":33.33808621},
{"learn":[0.2590501437],"iteration":57,"passed_time":4.362106711,"remaining_time":33.24226148},
{"learn":[0.2586277209],"iteration":58,"passed_time":4.435517305,"remaining_time":33.1536124},
{"learn":[0.2581370205],"iteration":59,"passed_time":4.506464007,"remaining_time":33.04740272},
{"learn":[0.2574864906],"iteration":60,"passed_time":4.581300925,"remaining_time":32.970346},
{"learn":[0.256996349],"iteration":61,"passed_time":4.654574511,"remaining_time":32.8823167},
{"learn":[0.2566806939],"iteration":62,"passed_time":4.72863914,"remaining_time":32.80024292},
{"learn":[0.2562378322],"iteration":63,"passed_time":4.804210971,"remaining_time":32.72868724},
{"learn":[0.2557248852],"iteration":64,"passed_time":4.880014628,"remaining_time":32.65855944},
{"learn":[0.2551699424],"iteration":65,"passed_time":4.967626439,"remaining_time":32.66590719},
{"learn":[0.2545894854],"iteration":66,"passed_time":5.053263975,"remaining_time":32.65766121},
{"learn":[0.2540967947],"iteration":67,"passed_time":5.137984947,"remaining_time":32.64131613},
{"learn":[0.2537651539],"iteration":68,"passed_time":5.214142719,"remaining_time":32.56950017},
{"learn":[0.2531080139],"iteration":69,"passed_time":5.285582835,"remaining_time":32.46858027},
{"learn":[0.2526221335],"iteration":70,"passed_time":5.35613031,"remaining_time":32.36309722},
{"learn":[0.2521168841],"iteration":71,"passed_time":5.429049284,"remaining_time":32.27268186},
{"learn":[0.2517263467],"iteration":72,"passed_time":5.499888277,"remaining_time":32.17057938},
{"learn":[0.2514767117],"iteration":73,"passed_time":5.574246636,"remaining_time":32.08958199},
{"learn":[0.2511314319],"iteration":74,"passed_time":5.648181164,"remaining_time":32.00635993},
{"learn":[0.2507910751],"iteration":75,"passed_time":5.725873149,"remaining_time":31.94434494},
{"learn":[0.2504198958],"iteration":76,"passed_time":5.798047154,"remaining_time":31.85160969},
{"learn":[0.2501384138],"iteration":77,"passed_time":5.874938953,"remaining_time":31.78492613},
{"learn":[0.2496265329],"iteration":78,"passed_time":5.954354598,"remaining_time":31.731434},
{"learn":[0.2492102902],"iteration":79,"passed_time":6.037220434,"remaining_time":31.69540728},
{"learn":[0.2488962011],"iteration":80,"passed_time":6.116736109,"remaining_time":31.64089419},
{"learn":[0.2482476376],"iteration":81,"passed_time":6.195816177,"remaining_time":31.58355076},
{"learn":[0.2480881575],"iteration":82,"passed_time":6.264377093,"remaining_time":31.47283431},
{"learn":[0.2477740775],"iteration":83,"passed_time":6.337294096,"remaining_time":31.38469457},
{"learn":[0.2473358026],"iteration":84,"passed_time":6.410403705,"remaining_time":31.29785338},
{"learn":[0.2470069977],"iteration":85,"passed_time":6.48091402,"remaining_time":31.19881865},
{"learn":[0.2465010393],"iteration":86,"passed_time":6.552608662,"remaining_time":31.10606181},
{"learn":[0.2462397326],"iteration":87,"passed_time":6.62659259,"remaining_time":31.02450167},
{"learn":[0.2459876945],"iteration":88,"passed_time":6.697728246,"remaining_time":30.92995853},
{"learn":[0.245648518],"iteration":89,"passed_time":6.77449305,"remaining_time":30.86157945},
{"learn":[0.2453297599],"iteration":90,"passed_time":6.855910381,"remaining_time":30.81392688},
{"learn":[0.2449854262],"iteration":91,"passed_time":6.933828869,"remaining_time":30.75002368},
{"learn":[0.244816186],"iteration":92,"passed_time":7.017151673,"remaining_time":30.70947022},
{"learn":[0.2444177242],"iteration":93,"passed_time":7.100825282,"remaining_time":30.66952196},
{"learn":[0.2440816634],"iteration":94,"passed_time":7.182893392,"remaining_time":30.62180867},
{"learn":[0.2436537194],"iteration":95,"passed_time":7.257890176,"remaining_time":30.54362116},
{"learn":[0.2434434955],"iteration":96,"passed_time":7.328783508,"remaining_time":30.44845107},
{"learn":[0.2432316651],"iteration":97,"passed_time":7.399885932,"remaining_time":30.35463413},
{"learn":[0.2428356864],"iteration":98,"passed_time":7.471505486,"remaining_time":30.26337071},
{"learn":[0.2426901423],"iteration":99,"passed_time":7.541078885,"remaining_time":30.16431554},
{"learn":[0.242556844],"iteration":100,"passed_time":7.631293849,"remaining_time":30.14738857},
{"learn":[0.2422304052],"iteration":101,"passed_time":7.722312001,"remaining_time":30.13215859},
{"learn":[0.2419715359],"iteration":102,"passed_time":7.809996791,"remaining_time":30.10260899},
{"learn":[0.2417284067],"iteration":103,"passed_time":7.899771499,"remaining_time":30.07989917},
{"learn":[0.2414898743],"iteration":104,"passed_time":7.989054978,"remaining_time":30.05406396},
{"learn":[0.241273095],"iteration":105,"passed_time":8.079828621,"remaining_time":30.03257054},
{"learn":[0.2409868732],"iteration":106,"passed_time":8.171744808,"remaining_time":30.01397859},
{"learn":[0.2408196442],"iteration":107,"passed_time":8.255514827,"remaining_time":29.96446122},
{"learn":[0.2406060065],"iteration":108,"passed_time":8.339375618,"remaining_time":29.91464098},
{"learn":[0.2403422445],"iteration":109,"passed_time":8.42620351,"remaining_time":29.87472153},
{"learn":[0.2399935916],"iteration":110,"passed_time":8.515250185,"remaining_time":29.84173263},
{"learn":[0.2396542445],"iteration":111,"passed_time":8.594303687,"remaining_time":29.77312349},
{"learn":[0.2393816205],"iteration":112,"passed_time":8.661934471,"remaining_time":29.6652092},
{"learn":[0.2392585846],"iteration":113,"passed_time":8.733799221,"remaining_time":29.57233771},
{"learn":[0.239028336],"iteration":114,"passed_time":8.80865683,"remaining_time":29.48985113},
{"learn":[0.238924648],"iteration":115,"passed_time":8.882720513,"remaining_time":29.4048679},
{"learn":[0.2386790893],"iteration":116,"passed_time":8.963324194,"remaining_time":29.34148005},
{"learn":[0.2381758361],"iteration":117,"passed_time":9.049612137,"remaining_time":29.296202},
{"learn":[0.2379614157],"iteration":118,"passed_time":9.131689567,"remaining_time":29.23675399},
{"learn":[0.2375898712],"iteration":119,"passed_time":9.209134525,"remaining_time":29.16225933},
{"learn":[0.2371786613],"iteration":120,"passed_time":9.2813545,"remaining_time":29.07135005},
{"learn":[0.236800817],"iteration":121,"passed_time":9.353805619,"remaining_time":28.98146331},
{"learn":[0.2365405849],"iteration":122,"passed_time":9.427252772,"remaining_time":28.89491297},
{"learn":[0.2363251001],"iteration":123,"passed_time":9.498605915,"remaining_time":28.80222439},
{"learn":[0.2361343182],"iteration":124,"passed_time":9.575041793,"remaining_time":28.72512538},
{"learn":[0.2359635569],"iteration":125,"passed_time":9.646532814,"remaining_time":28.63335931},
{"learn":[0.2357205246],"iteration":126,"passed_time":9.717766704,"remaining_time":28.54115733},
{"learn":[0.2354708377],"iteration":127,"passed_time":9.795263238,"remaining_time":28.46748379},
{"learn":[0.2351909385],"iteration":128,"passed_time":9.869232088,"remaining_time":28.38360546},
{"learn":[0.234940978],"iteration":129,"passed_time":9.95371413,"remaining_time":28.32980176},
{"learn":[0.234718293],"iteration":130,"passed_time":10.04014695,"remaining_time":28.28102461},
{"learn":[0.2343138308],"iteration":131,"passed_time":10.12455028,"remaining_time":28.22601896},
{"learn":[0.2340940041],"iteration":132,"passed_time":10.19819176,"remaining_time":28.140875},
{"learn":[0.2338505416],"iteration":133,"passed_time":10.27270132,"remaining_time":28.05827374},
{"learn":[0.2336266626],"iteration":134,"passed_time":10.3423895,"remaining_time":27.96275681},
{"learn":[0.2333687558],"iteration":135,"passed_time":10.41781373,"remaining_time":27.88297204},
{"learn":[0.2332600221],"iteration":136,"passed_time":10.48970846,"remaining_time":27.79389906},
{"learn":[0.2330693753],"iteration":137,"passed_time":10.56013904,"remaining_time":27.7012343},
{"learn":[0.2329403695],"iteration":138,"passed_time":10.63316886,"remaining_time":27.61564},
{"learn":[0.2327229364],"iteration":139,"passed_time":10.70381077,"remaining_time":27.52408485},
{"learn":[0.232511144],"iteration":140,"passed_time":10.77777914,"remaining_time":27.44129583},
{"learn":[0.232350924],"iteration":141,"passed_time":10.85029243,"remaining_time":27.3549626},
{"learn":[0.2321549406],"iteration":142,"passed_time":10.93046084,"remaining_time":27.28793372},
{"learn":[0.2319495691],"iteration":143,"passed_time":11.01579406,"remaining_time":27.23349087},
{"learn":[0.23163364],"iteration":144,"passed_time":11.10660595,"remaining_time":27.19203526},
{"learn":[0.2312347515],"iteration":145,"passed_time":11.18331506,"remaining_time":27.11570912},
{"learn":[0.2311117662],"iteration":146,"passed_time":11.25868857,"remaining_time":27.03617052},
{"learn":[0.230788892],"iteration":147,"passed_time":11.33121448,"remaining_time":26.94991552},
{"learn":[0.2306480156],"iteration":148,"passed_time":11.40254922,"remaining_time":26.86103876},
{"learn":[0.2305226906],"iteration":149,"passed_time":11.4756974,"remaining_time":26.77662727},
{"learn":[0.2302871953],"iteration":150,"passed_time":11.54821081,"remaining_time":26.69089783},
{"learn":[0.2301682038],"iteration":151,"passed_time":11.62081013,"remaining_time":26.60553899},
{"learn":[0.2298667137],"iteration":152,"passed_time":11.69397709,"remaining_time":26.52163432},
{"learn":[0.2296836683],"iteration":153,"passed_time":11.76876899,"remaining_time":26.44151995},
{"learn":[0.2295511784],"iteration":154,"passed_time":11.84847907,"remaining_time":26.37242117},
{"learn":[0.229393735],"iteration":155,"passed_time":11.9296218,"remaining_time":26.30634552},
{"learn":[0.2292334486],"iteration":156,"passed_time":12.01623358,"remaining_time":26.25202624},
{"learn":[0.2290831241],"iteration":157,"passed_time":12.10199795,"remaining_time":26.19546391},
{"learn":[0.2288261577],"iteration":158,"passed_time":12.1760979,"remaining_time":26.11351815},
{"learn":[0.2286945897],"iteration":159,"passed_time":12.24827763,"remaining_time":26.02758996},
{"learn":[0.2284975421],"iteration":160,"passed_time":12.32074113,"remaining_time":25.94243008},
{"learn":[0.2282319232],"iteration":161,"passed_time":12.39228517,"remaining_time":25.85550857},
{"learn":[0.2280890699],"iteration":162,"passed_time":12.46770683,"remaining_time":25.77679266},
{"learn":[0.2278547376],"iteration":163,"passed_time":12.5446449,"remaining_time":25.7012237},
{"learn":[0.2277285076],"iteration":164,"passed_time":12.61734119,"remaining_time":25.61702605},
{"learn":[0.2274552981],"iteration":165,"passed_time":12.69098138,"remaining_time":25.53486616},
{"learn":[0.2273158536],"iteration":166,"passed_time":12.7652657,"remaining_time":25.45409269},
{"learn":[0.227150101],"iteration":167,"passed_time":12.84054862,"remaining_time":25.3753699},
{"learn":[0.2269652614],"iteration":168,"passed_time":12.91947998,"remaining_time":25.30383358},
{"learn":[0.2267647709],"iteration":169,"passed_time":13.00395411,"remaining_time":25.24296975},
{"learn":[0.2266543494],"iteration":170,"passed_time":13.08424362,"remaining_time":25.17377865},
{"learn":[0.226558791],"iteration":171,"passed_time":13.1613179,"remaining_time":25.09832716},
{"learn":[0.2263951956],"iteration":172,"passed_time":13.23726332,"remaining_time":25.02072315},
{"learn":[0.2262213756],"iteration":173,"passed_time":13.30855421,"remaining_time":24.93441765},
{"learn":[0.2260697539],"iteration":174,"passed_time":13.38078837,"remaining_time":24.85003554},
{"learn":[0.2258095646],"iteration":175,"passed_time":13.4534371,"remaining_time":24.76655465},
{"learn":[0.2256431917],"iteration":176,"passed_time":13.52507746,"remaining_time":24.68135604},
{"learn":[0.2255025983],"iteration":177,"passed_time":13.59786239,"remaining_time":24.59838028},
{"learn":[0.2252643426],"iteration":178,"passed_time":13.66954704,"remaining_time":24.51354526},
{"learn":[0.225140221],"iteration":179,"passed_time":13.74599369,"remaining_time":24.43732212},
{"learn":[0.2249894315],"iteration":180,"passed_time":13.82425513,"remaining_time":24.36429495},
{"learn":[0.2249201075],"iteration":181,"passed_time":13.90032883,"remaining_time":24.28738773},
{"learn":[0.2247734472],"iteration":182,"passed_time":13.98339981,"remaining_time":24.2226106},
{"learn":[0.2246951939],"iteration":183,"passed_time":14.0639424,"remaining_time":24.15329238},
{"learn":[0.2246076145],"iteration":184,"passed_time":14.14295813,"remaining_time":24.08125304},
{"learn":[0.2243521314],"iteration":185,"passed_time":14.21601415,"remaining_time":23.99907764},
{"learn":[0.2242391283],"iteration":186,"passed_time":14.28738011,"remaining_time":23.91417099},
{"learn":[0.2240012225],"iteration":187,"passed_time":14.36156448,"remaining_time":23.83408573},
{"learn":[0.2238609896],"iteration":188,"passed_time":14.43296029,"remaining_time":23.74947434},
{"learn":[0.2236362834],"iteration":189,"passed_time":14.5079129,"remaining_time":23.67080526},
{"learn":[0.2234072639],"iteration":190,"passed_time":14.58166647,"remaining_time":23.59023528},
{"learn":[0.2232678603],"iteration":191,"passed_time":14.6535751,"remaining_time":23.50677672},
{"learn":[0.2231126459],"iteration":192,"passed_time":14.72587969,"remaining_time":23.4240677},
{"learn":[0.2229537515],"iteration":193,"passed_time":14.80225229,"remaining_time":23.34788247},
{"learn":[0.2226949458],"iteration":194,"passed_time":14.88042566,"remaining_time":23.27451192},
{"learn":[0.2223781717],"iteration":195,"passed_time":14.96581835,"remaining_time":23.21228969},
{"learn":[0.2220948086],"iteration":196,"passed_time":15.05007022,"remaining_time":23.14807755},
{"learn":[0.2219237107],"iteration":197,"passed_time":15.13179227,"remaining_time":23.07980437},
{"learn":[0.221821811],"iteration":198,"passed_time":15.20265438,"remaining_time":22.99496969},
{"learn":[0.2216359711],"iteration":199,"passed_time":15.27500199,"remaining_time":22.91250298},
{"learn":[0.2215353699],"iteration":200,"passed_time":15.34551004,"remaining_time":22.8274005},
{"learn":[0.2214452149],"iteration":201,"passed_time":15.41904181,"remaining_time":22.74690327},
{"learn":[0.221254633],"iteration":202,"passed_time":15.49071983,"remaining_time":22.66376251},
{"learn":[0.2210426795],"iteration":203,"passed_time":15.56105489,"remaining_time":22.57878552},
{"learn":[0.2207897032],"iteration":204,"passed_time":15.63159684,"remaining_time":22.49424911},
{"learn":[0.2205966926],"iteration":205,"passed_time":15.70454624,"remaining_time":22.41328444},
{"learn":[0.2204770002],"iteration":206,"passed_time":15.7767651,"remaining_time":22.33136316},
{"learn":[0.2203219275],"iteration":207,"passed_time":15.85463161,"remaining_time":22.25746361},
{"learn":[0.2201321794],"iteration":208,"passed_time":15.93531802,"remaining_time":22.18745236},
{"learn":[0.2200043446],"iteration":209,"passed_time":16.01855442,"remaining_time":22.12086086},
{"learn":[0.2199133912],"iteration":210,"passed_time":16.09944232,"remaining_time":22.05089493},
{"learn":[0.21981708],"iteration":211,"passed_time":16.17652986,"remaining_time":21.97566321},
{"learn":[0.2196369837],"iteration":212,"passed_time":16.24763372,"remaining_time":21.89235153},
{"learn":[0.2194863388],"iteration":213,"passed_time":16.31926129,"remaining_time":21.80985388},
{"learn":[0.2193352896],"iteration":214,"passed_time":16.39134866,"remaining_time":21.72806683},
{"learn":[0.219143663],"iteration":215,"passed_time":16.46424329,"remaining_time":21.64743099},
{"learn":[0.2190095249],"iteration":216,"passed_time":16.53926775,"remaining_time":21.56964411},
{"learn":[0.2188666702],"iteration":217,"passed_time":16.60998529,"remaining_time":21.48631125},
{"learn":[0.2187480069],"iteration":218,"passed_time":16.68428158,"remaining_time":21.4076855},
{"learn":[0.2186311049],"iteration":219,"passed_time":16.76235255,"remaining_time":21.33390325},
{"learn":[0.2185833356],"iteration":220,"passed_time":16.83890627,"remaining_time":21.25816674},
{"learn":[0.218429509],"iteration":221,"passed_time":16.91733592,"remaining_time":21.18477201},
{"learn":[0.2183360198],"iteration":222,"passed_time":17.00416132,"remaining_time":21.12176092},
{"learn":[0.2181119225],"iteration":223,"passed_time":17.09643491,"remaining_time":21.06525016},
{"learn":[0.2179044897],"iteration":224,"passed_time":17.17980475,"remaining_time":20.99753914},
{"learn":[0.2178067602],"iteration":225,"passed_time":17.25432972,"remaining_time":20.91896612},
{"learn":[0.2176834559],"iteration":226,"passed_time":17.32984913,"remaining_time":20.84162472},
{"learn":[0.2175503283],"iteration":227,"passed_time":17.40068589,"remaining_time":20.75871299},
{"learn":[0.2174349111],"iteration":228,"passed_time":17.48876283,"remaining_time":20.69630886},
{"learn":[0.2173554031],"iteration":229,"passed_time":17.57659205,"remaining_time":20.63339067},
{"learn":[0.2172681331],"iteration":230,"passed_time":17.66611763,"remaining_time":20.57223222},
{"learn":[0.2171811614],"iteration":231,"passed_time":17.75603826,"remaining_time":20.51128558},
{"learn":[0.2170346262],"iteration":232,"passed_time":17.8482866,"remaining_time":20.45275761},
{"learn":[0.2167318828],"iteration":233,"passed_time":17.94437146,"remaining_time":20.3983026},
{"learn":[0.2166012894],"iteration":234,"passed_time":18.03954496,"remaining_time":20.3424656},
{"learn":[0.2165217042],"iteration":235,"passed_time":18.13020811,"remaining_time":20.28124975},
{"learn":[0.2164404153],"iteration":236,"passed_time":18.21979275,"remaining_time":20.21858858},
{"learn":[0.2162398046],"iteration":237,"passed_time":18.30134114,"remaining_time":20.14685453},
{"learn":[0.2161595091],"iteration":238,"passed_time":18.37580224,"remaining_time":20.06729868},
{"learn":[0.2160407203],"iteration":239,"passed_time":18.4514263,"remaining_time":19.98904516},
{"learn":[0.2158225455],"iteration":240,"passed_time":18.52490032,"remaining_time":19.90850283},
{"learn":[0.2156886862],"iteration":241,"passed_time":18.59736344,"remaining_time":19.82694118},
{"learn":[0.2155956095],"iteration":242,"passed_time":18.67230983,"remaining_time":19.74808076},
{"learn":[0.2153391087],"iteration":243,"passed_time":18.74956189,"remaining_time":19.67167149},
{"learn":[0.2152515983],"iteration":244,"passed_time":18.83281451,"remaining_time":19.60150082},
{"learn":[0.2151621132],"iteration":245,"passed_time":18.92015821,"remaining_time":19.53544791},
{"learn":[0.2150524844],"iteration":246,"passed_time":19.0118743,"remaining_time":19.47370121},
{"learn":[0.2149345733],"iteration":247,"passed_time":19.09638128,"remaining_time":19.40438743},
{"learn":[0.2148067706],"iteration":248,"passed_time":19.1716785,"remaining_time":19.32566789},
{"learn":[0.2147130851],"iteration":249,"passed_time":19.25005057,"remaining_time":19.25005057},
{"learn":[0.214629083],"iteration":250,"passed_time":19.32276564,"remaining_time":19.16879938},
{"learn":[0.2145812654],"iteration":251,"passed_time":19.39406625,"remaining_time":19.08622393},
{"learn":[0.2144974332],"iteration":252,"passed_time":19.46522972,"remaining_time":19.00360372},
{"learn":[0.2144380434],"iteration":253,"passed_time":19.53621778,"remaining_time":18.92090383},
{"learn":[0.2143146714],"iteration":254,"passed_time":19.60666691,"remaining_time":18.83777801},
{"learn":[0.2141304232],"iteration":255,"passed_time":19.67853594,"remaining_time":18.75610457},
{"learn":[0.2140683638],"iteration":256,"passed_time":19.75454142,"remaining_time":18.67841854},
{"learn":[0.2139303825],"iteration":257,"passed_time":19.83267891,"remaining_time":18.60274534},
{"learn":[0.2138608832],"iteration":258,"passed_time":19.9180105,"remaining_time":18.53374722},
{"learn":[0.2136521249],"iteration":259,"passed_time":20.00473636,"remaining_time":18.46591048},
{"learn":[0.2135525703],"iteration":260,"passed_time":20.09097491,"remaining_time":18.39748278},
{"learn":[0.2134745775],"iteration":261,"passed_time":20.16765554,"remaining_time":18.32023671},
{"learn":[0.2133388791],"iteration":262,"passed_time":20.24688474,"remaining_time":18.24529157},
{"learn":[0.2131957811],"iteration":263,"passed_time":20.31745407,"remaining_time":18.16257258},
{"learn":[0.2131039537],"iteration":264,"passed_time":20.39070585,"remaining_time":18.08232406},
{"learn":[0.2129114317],"iteration":265,"passed_time":20.46401189,"remaining_time":18.00217587},
{"learn":[0.2128156083],"iteration":266,"passed_time":20.53616881,"remaining_time":17.92107615},
{"learn":[0.2125742487],"iteration":267,"passed_time":20.6090251,"remaining_time":17.8406486},
{"learn":[0.2123833983],"iteration":268,"passed_time":20.68758893,"remaining_time":17.76517859},
{"learn":[0.212222876],"iteration":269,"passed_time":20.75924569,"remaining_time":17.68380188},
{"learn":[0.2120503507],"iteration":270,"passed_time":20.83687076,"remaining_time":17.60754024},
{"learn":[0.2119495599],"iteration":271,"passed_time":20.91903175,"remaining_time":17.53507073},
{"learn":[0.2118370547],"iteration":272,"passed_time":21.00076265,"remaining_time":17.46217261},
{"learn":[0.2117151485],"iteration":273,"passed_time":21.08440181,"remaining_time":17.39078398},
{"learn":[0.2114966006],"iteration":274,"passed_time":21.16796688,"remaining_time":17.31924563},
{"learn":[0.211326534],"iteration":275,"passed_time":21.24168491,"remaining_time":17.23962833},
{"learn":[0.2112047403],"iteration":276,"passed_time":21.31348581,"remaining_time":17.15851024},
{"learn":[0.2110532692],"iteration":277,"passed_time":21.38797083,"remaining_time":17.07960261},
{"learn":[0.2109461398],"iteration":278,"passed_time":21.457288,"remaining_time":16.99663314},
{"learn":[0.2108276562],"iteration":279,"passed_time":21.53392529,"remaining_time":16.91951273},
{"learn":[0.210653526],"iteration":280,"passed_time":21.60713483,"remaining_time":16.8397243},
{"learn":[0.2105962707],"iteration":281,"passed_time":21.67769623,"remaining_time":16.75793538},
{"learn":[0.2105085398],"iteration":282,"passed_time":21.75204572,"remaining_time":16.67913046},
{"learn":[0.2103703573],"iteration":283,"passed_time":21.83080966,"remaining_time":16.60371439},
{"learn":[0.2102511817],"iteration":284,"passed_time":21.91425677,"remaining_time":16.53180774},
{"learn":[0.2102045272],"iteration":285,"passed_time":21.99648274,"remaining_time":16.45890666},
{"learn":[0.2101023415],"iteration":286,"passed_time":22.08037421,"remaining_time":16.38717668},
{"learn":[0.2100448427],"iteration":287,"passed_time":22.15808614,"remaining_time":16.31081341},
{"learn":[0.2098374943],"iteration":288,"passed_time":22.2307852,"remaining_time":16.23078089},
{"learn":[0.2097773255],"iteration":289,"passed_time":22.3028347,"remaining_time":16.15032858},
{"learn":[0.2096960747],"iteration":290,"passed_time":22.37667387,"remaining_time":16.07121938},
{"learn":[0.2096699671],"iteration":291,"passed_time":22.44658702,"remaining_time":15.98934965},
{"learn":[0.2095786964],"iteration":292,"passed_time":22.5236447,"remaining_time":15.91260905},
{"learn":[0.2094514382],"iteration":293,"passed_time":22.60037986,"remaining_time":15.83564031},
{"learn":[0.2093855744],"iteration":294,"passed_time":22.67222672,"remaining_time":15.7552762},
{"learn":[0.2092621324],"iteration":295,"passed_time":22.74380419,"remaining_time":15.67478397},
{"learn":[0.2091521009],"iteration":296,"passed_time":22.82175882,"remaining_time":15.59871057},
{"learn":[0.2090492564],"iteration":297,"passed_time":22.90549615,"remaining_time":15.52654437},
{"learn":[0.2088607368],"iteration":298,"passed_time":22.99097604,"remaining_time":15.45547219},
{"learn":[0.2088098988],"iteration":299,"passed_time":23.07197785,"remaining_time":15.38131857},
{"learn":[0.2087305653],"iteration":300,"passed_time":23.14915663,"remaining_time":15.30459193},
{"learn":[0.2084849148],"iteration":301,"passed_time":23.22338457,"remaining_time":15.22592763},
{"learn":[0.2083515307],"iteration":302,"passed_time":23.2985345,"remaining_time":15.14789207},
{"learn":[0.2081982737],"iteration":303,"passed_time":23.37092935,"remaining_time":15.06809919},
{"learn":[0.2081387753],"iteration":304,"passed_time":23.4473721,"remaining_time":14.99094282},
{"learn":[0.207967242],"iteration":305,"passed_time":23.51923024,"remaining_time":14.91088453},
{"learn":[0.20790594],"iteration":306,"passed_time":23.59354073,"remaining_time":14.83242137},
{"learn":[0.2077852257],"iteration":307,"passed_time":23.66843817,"remaining_time":14.75435107},
{"learn":[0.2076612175],"iteration":308,"passed_time":23.73920685,"remaining_time":14.67374922},
{"learn":[0.2076214536],"iteration":309,"passed_time":23.81745881,"remaining_time":14.59779734},
{"learn":[0.2075561498],"iteration":310,"passed_time":23.90165333,"remaining_time":14.52544206},
{"learn":[0.2074693358],"iteration":311,"passed_time":23.9887938,"remaining_time":14.45478601},
{"learn":[0.2072815875],"iteration":312,"passed_time":24.07757326,"remaining_time":14.38500383},
{"learn":[0.2071916483],"iteration":313,"passed_time":24.15764139,"remaining_time":14.30994044},
{"learn":[0.2070311529],"iteration":314,"passed_time":24.22660283,"remaining_time":14.2283223},
{"learn":[0.2068710447],"iteration":315,"passed_time":24.29955493,"remaining_time":14.14910793},
{"learn":[0.2067439255],"iteration":316,"passed_time":24.37020486,"remaining_time":14.06860407},
{"learn":[0.2066774906],"iteration":317,"passed_time":24.44570761,"remaining_time":13.99093957},
{"learn":[0.2065184121],"iteration":318,"passed_time":24.51952017,"remaining_time":13.91232963},
{"learn":[0.2064693781],"iteration":319,"passed_time":24.58995296,"remaining_time":13.83184854},
{"learn":[0.2063729845],"iteration":320,"passed_time":24.66421931,"remaining_time":13.75356778},
{"learn":[0.20629615],"iteration":321,"passed_time":24.73605336,"remaining_time":13.67396739},
{"learn":[0.2060693192],"iteration":322,"passed_time":24.8172886,"remaining_time":13.59956682},
{"learn":[0.2059013607],"iteration":323,"passed_time":24.91099516,"remaining_time":13.53189861},
{"learn":[0.2058156888],"iteration":324,"passed_time":24.99580681,"remaining_time":13.45928059},
{"learn":[0.2056294476],"iteration":325,"passed_time":25.08200412,"remaining_time":13.38732735},
{"learn":[0.2055029419],"iteration":326,"passed_time":25.15444249,"remaining_time":13.3080078},
{"learn":[0.2053905387],"iteration":327,"passed_time":25.22621494,"remaining_time":13.22838101},
{"learn":[0.20530556],"iteration":328,"passed_time":25.29812501,"remaining_time":13.14887349},
{"learn":[0.2051185244],"iteration":329,"passed_time":25.37922366,"remaining_time":13.07414552},
{"learn":[0.2049871509],"iteration":330,"passed_time":25.44968712,"remaining_time":12.99394902},
{"learn":[0.2048962808],"iteration":331,"passed_time":25.52051476,"remaining_time":12.91399542},
{"learn":[0.2046840443],"iteration":332,"passed_time":25.59389749,"remaining_time":12.83537802},
{"learn":[0.2045833306],"iteration":333,"passed_time":25.66850138,"remaining_time":12.75739889},
{"learn":[0.2045034865],"iteration":334,"passed_time":25.73983114,"remaining_time":12.67782728},
{"learn":[0.2043689134],"iteration":335,"passed_time":25.81608236,"remaining_time":12.60070686},
{"learn":[0.2042630628],"iteration":336,"passed_time":25.90119364,"remaining_time":12.52787704},
{"learn":[0.2042329065],"iteration":337,"passed_time":25.98320209,"remaining_time":12.45348739},
{"learn":[0.2041654356],"iteration":338,"passed_time":26.06597338,"remaining_time":12.37941509},
{"learn":[0.2040976774],"iteration":339,"passed_time":26.14268298,"remaining_time":12.30243905},
{"learn":[0.2040007162],"iteration":340,"passed_time":26.21506927,"remaining_time":12.22344872},
{"learn":[0.2038996151],"iteration":341,"passed_time":26.28306947,"remaining_time":12.14247069},
{"learn":[0.2037515136],"iteration":342,"passed_time":26.35831775,"remaining_time":12.06488597},
{"learn":[0.2036398736],"iteration":343,"passed_time":26.43299989,"remaining_time":11.98705809},
{"learn":[0.2034832686],"iteration":344,"passed_time":26.5081167,"remaining_time":11.90944374},
{"learn":[0.2034604573],"iteration":345,"passed_time":26.58040833,"remaining_time":11.83058637},
{"learn":[0.2033517513],"iteration":346,"passed_time":26.65339071,"remaining_time":11.75207141},
{"learn":[0.2032477093],"iteration":347,"passed_time":26.72564684,"remaining_time":11.67327103},
{"learn":[0.2031656715],"iteration":348,"passed_time":26.80505477,"remaining_time":11.59760249},
{"learn":[0.2030084893],"iteration":349,"passed_time":26.89318626,"remaining_time":11.52565126},
{"learn":[0.2029560361],"iteration":350,"passed_time":26.97797046,"remaining_time":11.45218689},
{"learn":[0.2028784523],"iteration":351,"passed_time":27.06029637,"remaining_time":11.37762461},
{"learn":[0.2028191925],"iteration":352,"passed_time":27.13211513,"remaining_time":11.29864285},
{"learn":[0.2027245033],"iteration":353,"passed_time":27.20576168,"remaining_time":11.22045538},
{"learn":[0.202638375],"iteration":354,"passed_time":27.27882631,"remaining_time":11.14205581},
{"learn":[0.202449694],"iteration":355,"passed_time":27.35161415,"remaining_time":11.06357426},
{"learn":[0.2023619158],"iteration":356,"passed_time":27.42590667,"remaining_time":10.98572732},
{"learn":[0.2023406194],"iteration":357,"passed_time":27.49815966,"remaining_time":10.90709126},
{"learn":[0.2022212696],"iteration":358,"passed_time":27.57875556,"remaining_time":10.8317675},
{"learn":[0.2021511289],"iteration":359,"passed_time":27.64963422,"remaining_time":10.75263553},
{"learn":[0.2019612583],"iteration":360,"passed_time":27.72332653,"remaining_time":10.67463265},
{"learn":[0.2018400722],"iteration":361,"passed_time":27.79903013,"remaining_time":10.59742033},
{"learn":[0.2017857488],"iteration":362,"passed_time":27.88267463,"remaining_time":10.52321329},
{"learn":[0.2017043731],"iteration":363,"passed_time":27.96760507,"remaining_time":10.44943486},
{"learn":[0.2016313276],"iteration":364,"passed_time":28.05077751,"remaining_time":10.37494511},
{"learn":[0.2016094315],"iteration":365,"passed_time":28.12935455,"remaining_time":10.29872544},
{"learn":[0.2014268372],"iteration":366,"passed_time":28.19925974,"remaining_time":10.21935026},
{"learn":[0.2013420788],"iteration":367,"passed_time":28.27013222,"remaining_time":10.14037351},
{"learn":[0.2012566824],"iteration":368,"passed_time":28.3416514,"remaining_time":10.06167028},
{"learn":[0.2011358983],"iteration":369,"passed_time":28.41340813,"remaining_time":9.983089343},
{"learn":[0.2010880844],"iteration":370,"passed_time":28.48611651,"remaining_time":9.904876091},
{"learn":[0.2010183612],"iteration":371,"passed_time":28.56059738,"remaining_time":9.827302323},
{"learn":[0.2009559063],"iteration":372,"passed_time":28.64400027,"remaining_time":9.752782933},
{"learn":[0.2008936248],"iteration":373,"passed_time":28.71586914,"remaining_time":9.674330244},
{"learn":[0.2007264113],"iteration":374,"passed_time":28.79684414,"remaining_time":9.598948048},
{"learn":[0.2005288529],"iteration":375,"passed_time":28.87882411,"remaining_time":9.523867526},
{"learn":[0.2003479381],"iteration":376,"passed_time":28.96023186,"remaining_time":9.44856371},
{"learn":[0.2002870556],"iteration":377,"passed_time":29.04251749,"remaining_time":9.373510935},
{"learn":[0.2002616777],"iteration":378,"passed_time":29.11827797,"remaining_time":9.296336767},
{"learn":[0.2001468532],"iteration":379,"passed_time":29.18996393,"remaining_time":9.217883346},
{"learn":[0.2000542925],"iteration":380,"passed_time":29.26248509,"remaining_time":9.139726314},
{"learn":[0.1999172545],"iteration":381,"passed_time":29.33622516,"remaining_time":9.061975312},
{"learn":[0.1998037481],"iteration":382,"passed_time":29.40818238,"remaining_time":8.983700624},
{"learn":[0.1997201001],"iteration":383,"passed_time":29.48219707,"remaining_time":8.906080365},
{"learn":[0.1995667466],"iteration":384,"passed_time":29.55795598,"remaining_time":8.828999838},
{"learn":[0.1995106897],"iteration":385,"passed_time":29.63088619,"remaining_time":8.751090739},
{"learn":[0.1994000028],"iteration":386,"passed_time":29.70484379,"remaining_time":8.673507361},
{"learn":[0.1992829719],"iteration":387,"passed_time":29.78449722,"remaining_time":8.597586825},
{"learn":[0.1991363107],"iteration":388,"passed_time":29.86589689,"remaining_time":8.522145384},
{"learn":[0.1990370838],"iteration":389,"passed_time":29.94812114,"remaining_time":8.446905963},
{"learn":[0.198878836],"iteration":390,"passed_time":30.03049277,"remaining_time":8.371671899},
{"learn":[0.1987435652],"iteration":391,"passed_time":30.10896489,"remaining_time":8.295327063},
{"learn":[0.1986844838],"iteration":392,"passed_time":30.18169434,"remaining_time":8.217407875},
{"learn":[0.1985928486],"iteration":393,"passed_time":30.25573597,"remaining_time":8.139868053},
{"learn":[0.1985078474],"iteration":394,"passed_time":30.32796073,"remaining_time":8.061862978},
{"learn":[0.1984305174],"iteration":395,"passed_time":30.39866666,"remaining_time":7.983488213},
{"learn":[0.1983199655],"iteration":396,"passed_time":30.47150986,"remaining_time":7.905706589},
{"learn":[0.1982194998],"iteration":397,"passed_time":30.54624464,"remaining_time":7.828434557},
{"learn":[0.1980825103],"iteration":398,"passed_time":30.61692042,"remaining_time":7.750147775},
{"learn":[0.1979846885],"iteration":399,"passed_time":30.69018593,"remaining_time":7.672546483},
{"learn":[0.1979378201],"iteration":400,"passed_time":30.76592902,"remaining_time":7.595578487},
{"learn":[0.1978691116],"iteration":401,"passed_time":30.84601176,"remaining_time":7.519674508},
{"learn":[0.1977704818],"iteration":402,"passed_time":30.93115264,"remaining_time":7.44496726},
{"learn":[0.1976676436],"iteration":403,"passed_time":31.01322889,"remaining_time":7.369480133},
{"learn":[0.1976051985],"iteration":404,"passed_time":31.09222547,"remaining_time":7.293238074},
{"learn":[0.1975158407],"iteration":405,"passed_time":31.16645018,"remaining_time":7.215877629},
{"learn":[0.1974791383],"iteration":406,"passed_time":31.23995594,"remaining_time":7.13836831},
{"learn":[0.1974514473],"iteration":407,"passed_time":31.31381753,"remaining_time":7.060958856},
{"learn":[0.1973820222],"iteration":408,"passed_time":31.38313238,"remaining_time":6.982555127},
{"learn":[0.1973134698],"iteration":409,"passed_time":31.45513011,"remaining_time":6.904784658},
{"learn":[0.1972589223],"iteration":410,"passed_time":31.52193522,"remaining_time":6.825917846},
{"learn":[0.1971388274],"iteration":411,"passed_time":31.59188672,"remaining_time":6.747781629},
{"learn":[0.1970165551],"iteration":412,"passed_time":31.66697092,"remaining_time":6.670766271},
{"learn":[0.1969591984],"iteration":413,"passed_time":31.73986973,"remaining_time":6.593306272},
{"learn":[0.1968116005],"iteration":414,"passed_time":31.82536036,"remaining_time":6.518447303},
{"learn":[0.1967640319],"iteration":415,"passed_time":31.90970519,"remaining_time":6.443305856},
{"learn":[0.1967107274],"iteration":416,"passed_time":31.99326842,"remaining_time":6.367964697},
{"learn":[0.1966709298],"iteration":417,"passed_time":32.07961015,"remaining_time":6.293129265},
{"learn":[0.1965637646],"iteration":418,"passed_time":32.15629901,"remaining_time":6.216372839},
{"learn":[0.1965088094],"iteration":419,"passed_time":32.22630403,"remaining_time":6.138343624},
{"learn":[0.196445935],"iteration":420,"passed_time":32.29603458,"remaining_time":6.060301026},
{"learn":[0.1963863028],"iteration":421,"passed_time":32.36893025,"remaining_time":5.982882843},
{"learn":[0.1962929404],"iteration":422,"passed_time":32.43892472,"remaining_time":5.904957928},
{"learn":[0.1961897046],"iteration":423,"passed_time":32.51350917,"remaining_time":5.827893154},
{"learn":[0.1961344236],"iteration":424,"passed_time":32.58620234,"remaining_time":5.750506296},
{"learn":[0.1960551742],"iteration":425,"passed_time":32.65752055,"remaining_time":5.672902631},
{"learn":[0.1959500512],"iteration":426,"passed_time":32.72978777,"remaining_time":5.595490649},
{"learn":[0.1957757251],"iteration":427,"passed_time":32.82372574,"remaining_time":5.521748256},
{"learn":[0.1957301643],"iteration":428,"passed_time":32.90440484,"remaining_time":5.445717352},
{"learn":[0.1956924565],"iteration":429,"passed_time":32.98781686,"remaining_time":5.370109722},
{"learn":[0.1956222951],"iteration":430,"passed_time":33.06494318,"remaining_time":5.293459582},
{"learn":[0.1955338287],"iteration":431,"passed_time":33.1383667,"remaining_time":5.216224388},
{"learn":[0.1954864488],"iteration":432,"passed_time":33.21202361,"remaining_time":5.139042914},
{"learn":[0.1954351059],"iteration":433,"passed_time":33.28775053,"remaining_time":5.062192477},
{"learn":[0.1953737834],"iteration":434,"passed_time":33.35948349,"remaining_time":4.984750407},
{"learn":[0.1952877861],"iteration":435,"passed_time":33.43157062,"remaining_time":4.907386513},
{"learn":[0.1951744738],"iteration":436,"passed_time":33.50335558,"remaining_time":4.830003207},
{"learn":[0.1950631133],"iteration":437,"passed_time":33.5841745,"remaining_time":4.753924244},
{"learn":[0.1949844064],"iteration":438,"passed_time":33.6571794,"remaining_time":4.676737912},
{"learn":[0.1948934697],"iteration":439,"passed_time":33.72646185,"remaining_time":4.599062979},
{"learn":[0.1948466994],"iteration":440,"passed_time":33.80470364,"remaining_time":4.52262475},
{"learn":[0.1947850037],"iteration":441,"passed_time":33.88594949,"remaining_time":4.446572558},
{"learn":[0.1947301475],"iteration":442,"passed_time":33.96806423,"remaining_time":4.370608716},
{"learn":[0.194669679],"iteration":443,"passed_time":34.05021614,"remaining_time":4.294621856},
{"learn":[0.1945540484],"iteration":444,"passed_time":34.12528207,"remaining_time":4.217731492},
{"learn":[0.1944522962],"iteration":445,"passed_time":34.19985038,"remaining_time":4.140789059},
{"learn":[0.1943948422],"iteration":446,"passed_time":34.26921102,"remaining_time":4.063239785},
{"learn":[0.1943432179],"iteration":447,"passed_time":34.34308366,"remaining_time":3.986250782},
{"learn":[0.1943050144],"iteration":448,"passed_time":34.41570585,"remaining_time":3.909133626},
{"learn":[0.1942303879],"iteration":449,"passed_time":34.48922614,"remaining_time":3.832136238},
{"learn":[0.1941647505],"iteration":450,"passed_time":34.56416999,"remaining_time":3.755308935},
{"learn":[0.1941107177],"iteration":451,"passed_time":34.63589008,"remaining_time":3.678147619},
{"learn":[0.1939834456],"iteration":452,"passed_time":34.70848156,"remaining_time":3.601100735},
{"learn":[0.1939360945],"iteration":453,"passed_time":34.78915826,"remaining_time":3.524892687},
{"learn":[0.1938486683],"iteration":454,"passed_time":34.87233219,"remaining_time":3.448911975},
{"learn":[0.193816421],"iteration":455,"passed_time":34.95201337,"remaining_time":3.372562693},
{"learn":[0.1937572556],"iteration":456,"passed_time":35.04249886,"remaining_time":3.297215429},
{"learn":[0.1936547618],"iteration":457,"passed_time":35.12279567,"remaining_time":3.220867725},
{"learn":[0.1935993584],"iteration":458,"passed_time":35.19532041,"remaining_time":3.143808577},
{"learn":[0.1934972718],"iteration":459,"passed_time":35.26729287,"remaining_time":3.066721119},
{"learn":[0.1934717151],"iteration":460,"passed_time":35.33665491,"remaining_time":2.989435014},
{"learn":[0.1933357456],"iteration":461,"passed_time":35.41033185,"remaining_time":2.912538118},
{"learn":[0.1932333739],"iteration":462,"passed_time":35.48232833,"remaining_time":2.835520839},
{"learn":[0.1931555076],"iteration":463,"passed_time":35.55777328,"remaining_time":2.758792755},
{"learn":[0.1930140935],"iteration":464,"passed_time":35.63027362,"remaining_time":2.681848552},
{"learn":[0.1929105994],"iteration":465,"passed_time":35.69999916,"remaining_time":2.604720969},
{"learn":[0.1928711256],"iteration":466,"passed_time":35.77617114,"remaining_time":2.528080616},
{"learn":[0.1928283682],"iteration":467,"passed_time":35.85812126,"remaining_time":2.451837351},
{"learn":[0.1927084361],"iteration":468,"passed_time":35.9409127,"remaining_time":2.37562536},
{"learn":[0.1925849182],"iteration":469,"passed_time":36.02856023,"remaining_time":2.299695334},
{"learn":[0.1924762917],"iteration":470,"passed_time":36.10615273,"remaining_time":2.223096452},
{"learn":[0.1924425068],"iteration":471,"passed_time":36.17775045,"remaining_time":2.146137738},
{"learn":[0.1923064907],"iteration":472,"passed_time":36.24959498,"remaining_time":2.069215781},
{"learn":[0.1922348395],"iteration":473,"passed_time":36.32223767,"remaining_time":1.992359028},
{"learn":[0.1921973024],"iteration":474,"passed_time":36.39627223,"remaining_time":1.915593275},
{"learn":[0.1921654685],"iteration":475,"passed_time":36.46503674,"remaining_time":1.838573281},
{"learn":[0.1920865517],"iteration":476,"passed_time":36.53990081,"remaining_time":1.76188201},
{"learn":[0.19198033],"iteration":477,"passed_time":36.61424867,"remaining_time":1.685174625},
{"learn":[0.1919655612],"iteration":478,"passed_time":36.68850157,"remaining_time":1.608472929},
{"learn":[0.191839055],"iteration":479,"passed_time":36.76596361,"remaining_time":1.531915151},
{"learn":[0.1916807768],"iteration":480,"passed_time":36.84841185,"remaining_time":1.455550572},
{"learn":[0.1916265605],"iteration":481,"passed_time":36.93061597,"remaining_time":1.379151634},
{"learn":[0.1915708794],"iteration":482,"passed_time":37.01205281,"remaining_time":1.302701652},
{"learn":[0.1915437765],"iteration":483,"passed_time":37.08930513,"remaining_time":1.226092732},
{"learn":[0.191489977],"iteration":484,"passed_time":37.1597197,"remaining_time":1.149269681},
{"learn":[0.1914604638],"iteration":485,"passed_time":37.23016188,"remaining_time":1.072473799},
{"learn":[0.1914137883],"iteration":486,"passed_time":37.30237189,"remaining_time":0.9957512005},
{"learn":[0.1913523204],"iteration":487,"passed_time":37.37546474,"remaining_time":0.9190688052},
{"learn":[0.191228166],"iteration":488,"passed_time":37.44778211,"remaining_time":0.8423836467},
{"learn":[0.1911903362],"iteration":489,"passed_time":37.52236483,"remaining_time":0.7657625476},
{"learn":[0.1911524027],"iteration":490,"passed_time":37.59377918,"remaining_time":0.6890916754},
{"learn":[0.191075731],"iteration":491,"passed_time":37.66541242,"remaining_time":0.6124457303},
{"learn":[0.1910500132],"iteration":492,"passed_time":37.7417986,"remaining_time":0.535887607},
{"learn":[0.1909735578],"iteration":493,"passed_time":37.82260905,"remaining_time":0.4593839156},
{"learn":[0.1909077971],"iteration":494,"passed_time":37.90764814,"remaining_time":0.3829055368},
{"learn":[0.1908312448],"iteration":495,"passed_time":37.99104222,"remaining_time":0.3063793727},
{"learn":[0.1907988833],"iteration":496,"passed_time":38.07003139,"remaining_time":0.2297989822},
{"learn":[0.1907402114],"iteration":497,"passed_time":38.13993587,"remaining_time":0.1531724332},
{"learn":[0.1906755363],"iteration":498,"passed_time":38.2137458,"remaining_time":0.07658065291},
{"learn":[0.1905821609],"iteration":499,"passed_time":38.28846756,"remaining_time":0}
]}